{"0": {"FL": {"val": 0.2964476598667644, "err": 0.05064238707746488}, "AFB": {"val": -0.0970515604684916, "err": 0.008421043319078612}, "S3": {"val": 0.010875731703400369, "err": 0.0060283182004572675}, "S4": {"val": 0.09091911185356329, "err": 0.006011148521615928}, "S5": {"val": 0.2529068627767063, "err": 0.010620911826869837}, "S7": {"val": -0.02067188084497749, "err": 0.016901410453204244}, "S8": {"val": -0.002153329411670295, "err": 0.009465843196611062}, "S9": {"val": -0.0007011185772997643, "err": 0.007420012417803362}}, "1": {"FL": {"val": 0.7603956395622157, "err": 0.04317410278778188}, "AFB": {"val": -0.13798671499985016, "err": 0.03195845613292291}, "S3": {"val": 0.002372777261464894, "err": 0.005362999365694706}, "S4": {"val": -0.025358966813299376, "err": 0.01720888830755938}, "S5": {"val": 0.0545241877904797, "err": 0.03131982953615779}, "S7": {"val": -0.027117429732482358, "err": 0.032832074890198834}, "S8": {"val": -0.00687694246493695, "err": 0.014102828657685985}, "S9": {"val": -0.0007859648940139106, "err": 0.005376433235921982}}, "2": {"FL": {"val": 0.7962654932624427, "err": 0.03363967369234135}, "AFB": {"val": -0.017385033593575933, "err": 0.029395083110202395}, "S3": {"val": -0.01086377852904748, "err": 0.004087850806529341}, "S4": {"val": -0.15161046721169877, "err": 0.020094489452662335}, "S5": {"val": -0.19301539913190568, "err": 0.040882739716815414}, "S7": {"val": -0.019962339705037923, "err": 0.040876855383987235}, "S8": {"val": -0.006587303081145779, "err": 0.014441578581710336}, "S9": {"val": -0.0007350913973341181, "err": 0.0022592750869086906}}, "3": {"FL": {"val": 0.7112903962261427, "err": 0.04909550894620607}, "AFB": {"val": 0.12215506287920677, "err": 0.03961889843177776}, "S3": {"val": -0.024751439845413715, "err": 0.008459034537409114}, "S4": {"val": -0.22420373935504972, "err": 0.020410626322480217}, "S5": {"val": -0.3371396761500003, "err": 0.03667389361280017}, "S7": {"val": -0.013382849845922798, "err": 0.04811042350776604}, "S8": {"val": -0.0050616569813558675, "err": 0.014270948982731837}, "S9": {"val": -0.00070641680143312, "err": 0.004632990142916991}}, "4": {"FL": {"val": 0.6069651454293227, "err": 0.050785046867782326}, "AFB": {"val": 0.23993949201268056, "err": 0.04728136705066239}, "S3": {"val": -0.03975380200249522, "err": 0.013499075508671451}, "S4": {"val": -0.25969938486579863, "err": 0.01521002519954131}, "S5": {"val": -0.4035537613316677, "err": 0.024983686216293297}, "S7": {"val": -0.008737629329783196, "err": 0.0558095700187659}, "S8": {"val": -0.0036888917027574184, "err": 0.018058973124861273}, "S9": {"val": -0.0007153369125402187, "err": 0.007750927598159306}}, "5": {"FL": {"val": 0.3484407559729121, "err": 0.03554031324502086}, "AFB": {"val": 0.4019144709381388, "err": 0.030140936643680404}, "S3": {"val": -0.1734638025866014, "err": 0.019064528810636302}, "S4": {"val": -0.2943185471700735, "err": 0.009214586003310871}, "S5": {"val": -0.3187284293000794, "err": 0.021693352221618764}, "S7": {"val": -0.0013767108005077872, "err": 0.03124676356277863}, "S8": {"val": 0.00032310511914683196, "err": 0.00989707950850002}, "S9": {"val": 0.00029188641365547515, "err": 0.008629064907905316}}, "6": {"FL": {"val": 0.32808100221720543, "err": 0.02798976439727086}, "AFB": {"val": 0.3183907920796311, "err": 0.03393144831695434}, "S3": {"val": -0.2514880265559458, "err": 0.015277072743605596}, "S4": {"val": -0.31000711804133285, "err": 0.007887620372650103}, "S5": {"val": -0.22625751224615978, "err": 0.02098711711126686}, "S7": {"val": -0.0005610808820928639, "err": 0.028193698907310334}, "S8": {"val": 0.00011873834939115112, "err": 0.008766904975025249}, "S9": {"val": 0.000169097542460966, "err": 0.013438825661682053}}, "7": {"FL": {"val": 0.4351903815658659, "err": 0.03663667651413794}, "AFB": {"val": 0.3913899537158143, "err": 0.023627117754196975}, "S3": {"val": -0.08597484161447065, "err": 0.014356523370770546}, "S4": {"val": -0.281588561021825, "err": 0.004662025632171769}, "S5": {"val": -0.40680329806215004, "err": 0.014128559780139204}, "S7": {"val": -0.0021936739125014695, "err": 0.002298433789485786}, "S8": {"val": 0.0010506254291248972, "err": 0.0013984267013233262}, "S9": {"val": 0.00044891879313195164, "err": 0.0004138905561487061}}, "8": {"FL": {"val": 0.7476437141490421, "err": 0.03988961460715321}, "AFB": {"val": 0.0049291176692496394, "err": 0.02805838529981395}, "S3": {"val": -0.012641217169916232, "err": 0.0049892835792252725}, "S4": {"val": -0.1428208455497879, "err": 0.02003425610325197}, "S5": {"val": -0.176673889836223, "err": 0.03502172307888732}, "S7": {"val": -0.01936245001197112, "err": 0.03838447613402357}, "S8": {"val": -0.006046140455969303, "err": 0.0156731476636304}, "S9": {"val": -0.0007385380731725602, "err": 0.0024276265349304944}}, "9": {"FL": {"val": 0.34015604925198045, "err": 0.024825565828724583}, "AFB": {"val": 0.3676716852255129, "err": 0.03223029184299107}, "S3": {"val": -0.20496298166291507, "err": 0.018582256024318886}, "S4": {"val": -0.30042734767031876, "err": 0.007756328166612142}, "S5": {"val": -0.28093613288693664, "err": 0.02141739461077994}, "S7": {"val": -0.0010392261336718879, "err": 0.028651439203054404}, "S8": {"val": 0.00024022832214015992, "err": 0.009938475190950561}, "S9": {"val": 0.00024199069965725827, "err": 0.009784523912728592}}}