{"0": {"FL": {"val": 0.2964476598667644, "err": 0.050677276658031706}, "P1": {"val": 0.04432220607909571, "err": 0.030087226613328542}, "P2": {"val": -0.13183907623237276, "err": 0.008365497279275063}, "P3": {"val": 0.0014286451209184717, "err": 0.010774201050293182}, "P4p": {"val": 0.23836781487556083, "err": 0.01423417691093319}, "P5p": {"val": 0.6630603293201234, "err": 0.0268129928695429}, "P6p": {"val": -0.05419664761267825, "err": 0.03785513265646302}, "P8p": {"val": -0.005645506385872254, "err": 0.023612277811913347}}, "1": {"FL": {"val": 0.7603956395622157, "err": 0.04364866228662214}, "P1": {"val": 0.023285496874270704, "err": 0.05523723092520085}, "P2": {"val": -0.4513823348138756, "err": 0.016088768049441045}, "P3": {"val": 0.003856574188415072, "err": 0.025926306727511426}, "P4p": {"val": -0.06441856074304964, "err": 0.04201256674543846}, "P5p": {"val": 0.13850602546253651, "err": 0.0857906422660426}, "P6p": {"val": -0.06888552705156586, "err": 0.06920169948824499}, "P8p": {"val": -0.017469273853525768, "err": 0.03530302301110386}}, "2": {"FL": {"val": 0.7962654932624427, "err": 0.03257575510502299}, "P1": {"val": -0.11644400048909694, "err": 0.03165533212097566}, "P2": {"val": -0.062114142418635936, "err": 0.10794343627869278}, "P3": {"val": 0.0039395585431825815, "err": 0.011750438444836463}, "P4p": {"val": -0.3933266266578684, "err": 0.044392656206777355}, "P5p": {"val": -0.5007444223990652, "err": 0.0984276435417772}, "P6p": {"val": -0.051788770793888356, "err": 0.11079044612141924}, "P8p": {"val": -0.017089596433089316, "err": 0.036728261023697445}}, "3": {"FL": {"val": 0.7112903962261427, "err": 0.047599663472023455}, "P1": {"val": -0.17772280742797275, "err": 0.04507980662368416}, "P2": {"val": 0.29237007155977424, "err": 0.07465678756978297}, "P3": {"val": 0.002536142906212501, "err": 0.01525050115138971}, "P4p": {"val": -0.5037043830323634, "err": 0.025743732239101768}, "P5p": {"val": -0.7574304204710041, "err": 0.06522187263984963}, "P6p": {"val": -0.030066403639148205, "err": 0.1147805413034049}, "P8p": {"val": -0.011371705102909954, "err": 0.03856020607297637}}, "4": {"FL": {"val": 0.6069651454293227, "err": 0.0647485911128826}, "P1": {"val": -0.2058172166320745, "err": 0.05136059401291598}, "P2": {"val": 0.4140792906890946, "err": 0.05412454112826532}, "P3": {"val": 0.0018517556167831253, "err": 0.02107661106472408}, "P4p": {"val": -0.5363219380024014, "err": 0.021027448243917155}, "P5p": {"val": -0.8334048826392202, "err": 0.05655467061658031}, "P6p": {"val": -0.01804464149238383, "err": 0.12420013731673721}, "P8p": {"val": -0.007618168014245415, "err": 0.04173249946667396}}, "5": {"FL": {"val": 0.3484407559729121, "err": 0.0319809164296813}, "P1": {"val": -0.5342994558564917, "err": 0.056019043298652066}, "P2": {"val": 0.4126560890917238, "err": 0.021490338936897047}, "P3": {"val": -0.000449531111570563, "err": 0.012033738690943986}, "P4p": {"val": -0.6187655044533716, "err": 0.009855170350664421}, "P5p": {"val": -0.6700840271052674, "err": 0.03843149807033797}, "P6p": {"val": -0.002894350903649826, "err": 0.05990370390821899}, "P8p": {"val": 0.0006792854339717428, "err": 0.022924847857571134}}, "6": {"FL": {"val": 0.32808100221720543, "err": 0.02855255565405849}, "P1": {"val": -0.7506113771634217, "err": 0.046356488796424004}, "P2": {"val": 0.31676491612995283, "err": 0.025997934413020413}, "P3": {"val": -0.0002523510581394218, "err": 0.017656618561638204}, "P4p": {"val": -0.6611728952119882, "err": 0.00858723248116614}, "P5p": {"val": -0.48255451481378564, "err": 0.045098765977490005}, "P6p": {"val": -0.0011966546884641979, "err": 0.06012434355943943}, "P8p": {"val": 0.00025324121180073295, "err": 0.0219647260092951}}, "7": {"FL": {"val": 0.4351903815658659, "err": 0.04078509911797065}, "P1": {"val": -0.3064078149786729, "err": 0.04358827891163437}, "P2": {"val": 0.46496137036783913, "err": 0.00689725615699676}, "P3": {"val": -0.0007999562658297031, "err": 0.0006277754674527516}, "P4p": {"val": -0.5698028186966612, "err": 0.009551234995100166}, "P5p": {"val": -0.8231785589931873, "err": 0.029347977885017716}, "P6p": {"val": -0.004438964331891982, "err": 0.004510987580910802}, "P8p": {"val": 0.002125971767948899, "err": 0.002486354217500816}}, "8": {"FL": {"val": 0.7476437141490421, "err": 0.03648542565067136}, "P1": {"val": -0.10858313630468888, "err": 0.03582727773927411}, "P2": {"val": 0.014113067556387564, "err": 0.0905436324825571}, "P3": {"val": 0.0031718773274595122, "err": 0.008087010544420254}, "P4p": {"val": -0.3423071759568562, "err": 0.038596479648333265}, "P5p": {"val": -0.42344477140115927, "err": 0.08770676251014782}, "P6p": {"val": -0.04640713025951884, "err": 0.1081981145948828}, "P8p": {"val": -0.014491142780693503, "err": 0.03038416671786849}}, "9": {"FL": {"val": 0.34015604925198045, "err": 0.03416414514505192}, "P1": {"val": -0.6232182587147084, "err": 0.043474902620195835}, "P2": {"val": 0.372652182662254, "err": 0.019670227858829614}, "P3": {"val": -0.0003679030750869434, "err": 0.016125039445169714}, "P4p": {"val": -0.6351374712113391, "err": 0.010074811004659625}, "P5p": {"val": -0.5939308335188896, "err": 0.04817252757964647}, "P6p": {"val": -0.0021970418594562287, "err": 0.06888028268041654}, "P8p": {"val": 0.0005078699067199412, "err": 0.017574788595772866}}}